{
  "project_info": {
    "project_number": "848248703482",
    "project_id": "bustracker-9ae09",
    "storage_bucket": "bustracker-9ae09.firebasestorage.app"
  },
  "client": [
    {
      "client_info": {
        "mobilesdk_app_id": "1:848248703482:android:8a0d16c035d9e081ae7c43",
        "android_client_info": {
          "package_name": "com.mycompany.bustracker"
        }
      },
      "oauth_client": [],
      "api_key": [
        {
          "current_key": "AIzaSyBF7cBJB8hgLWw_KYoVyBRDSAtDiDMUWG8"
        }
      ],
      "services": {
        "appinvite_service": {
          "other_platform_oauth_client": []
        }
      }
    }
  ],
  "configuration_version": "1"
}